{
	"info": {
		"_postman_id": "07cc7eba-c096-4430-8679-30a9d30a4896",
		"name": "Rocketseat - GoBarber",
		"schema": "https://schema.getpostman.com/json/collection/v2.1.0/collection.json"
	},
	"item": [
		{
			"name": "Appointments",
			"item": [
				{
					"name": "Create",
					"event": [
						{
							"listen": "prerequest",
							"script": {
								"id": "b8a62173-ff8a-488f-b8e0-e09ae816d2cf",
								"exec": [
									"postman.setGlobalVariable('timestampUtcIso8601', (new Date()).toISOString());"
								],
								"type": "text/javascript"
							}
						}
					],
					"request": {
						"auth": {
							"type": "bearer",
							"bearer": [
								{
									"key": "token",
									"value": "{{token}}",
									"type": "string"
								}
							]
						},
						"method": "POST",
						"header": [],
						"body": {
							"mode": "raw",
							"raw": "{\n\t\"provider_id\": \"5baf2891-8e59-490d-a77e-0a6f00773a1b\",\n\t\"date\": \"{{timestampUtcIso8601}}\"\n}",
							"options": {
								"raw": {
									"language": "json"
								}
							}
						},
						"url": {
							"raw": "{{base_url}}/appointments/",
							"host": [
								"{{base_url}}"
							],
							"path": [
								"appointments",
								""
							]
						}
					},
					"response": []
				},
				{
					"name": "List",
					"event": [
						{
							"listen": "prerequest",
							"script": {
								"id": "b8a62173-ff8a-488f-b8e0-e09ae816d2cf",
								"exec": [
									"postman.setGlobalVariable('timestampUtcIso8601', (new Date()).toISOString());"
								],
								"type": "text/javascript"
							}
						}
					],
					"request": {
						"auth": {
							"type": "bearer",
							"bearer": [
								{
									"key": "token",
									"value": "{{token}}",
									"type": "string"
								}
							]
						},
						"method": "GET",
						"header": [],
						"url": {
							"raw": "{{base_url}}/appointments/",
							"host": [
								"{{base_url}}"
							],
							"path": [
								"appointments",
								""
							]
						}
					},
					"response": []
				}
			],
			"protocolProfileBehavior": {}
		},
		{
			"name": "Sessions",
			"item": [
				{
					"name": "Create",
					"event": [
						{
							"listen": "prerequest",
							"script": {
								"id": "b8a62173-ff8a-488f-b8e0-e09ae816d2cf",
								"exec": [
									""
								],
								"type": "text/javascript"
							}
						}
					],
					"request": {
						"method": "POST",
						"header": [],
						"body": {
							"mode": "raw",
							"raw": "{\n\t\"email\": \"gabriellfsouza@gmail.com\",\n\t\"password\": \"123456\"\n}",
							"options": {
								"raw": {
									"language": "json"
								}
							}
						},
						"url": {
							"raw": "{{base_url}}/sessions/",
							"host": [
								"{{base_url}}"
							],
							"path": [
								"sessions",
								""
							]
						}
					},
					"response": []
				}
			],
			"protocolProfileBehavior": {}
		},
		{
			"name": "Users",
			"item": [
				{
					"name": "Create",
					"event": [
						{
							"listen": "prerequest",
							"script": {
								"id": "b8a62173-ff8a-488f-b8e0-e09ae816d2cf",
								"exec": [
									""
								],
								"type": "text/javascript"
							}
						}
					],
					"request": {
						"auth": {
							"type": "noauth"
						},
						"method": "POST",
						"header": [],
						"body": {
							"mode": "raw",
							"raw": "{\n\t\"name\": \"Gabriel\",\n\t\"email\": \"gabriellfsouza@gmail.com\",\n\t\"password\": \"123456\"\n}",
							"options": {
								"raw": {
									"language": "json"
								}
							}
						},
						"url": {
							"raw": "{{base_url}}/users/",
							"host": [
								"{{base_url}}"
							],
							"path": [
								"users",
								""
							]
						}
					},
					"response": []
				},
				{
					"name": "Update Avatar",
					"request": {
						"auth": {
							"type": "bearer",
							"bearer": [
								{
									"key": "token",
									"value": "{{token}}",
									"type": "string"
								}
							]
						},
						"method": "PATCH",
						"header": [],
						"body": {
							"mode": "formdata",
							"formdata": [
								{
									"key": "avatar",
									"type": "file",
									"src": "/C:/Users/gabri/Pictures/pp.jpg"
								}
							]
						},
						"url": {
							"raw": "{{base_url}}/users/avatar",
							"host": [
								"{{base_url}}"
							],
							"path": [
								"users",
								"avatar"
							]
						}
					},
					"response": []
				}
			],
			"protocolProfileBehavior": {}
		}
	],
	"protocolProfileBehavior": {}
}